{
  "main": {
    "id": "0b30e26a70b5e7a1",
    "type": "split",
    "children": [
      {
        "id": "ac5d93e4099132e9",
        "type": "tabs",
        "children": [
          {
            "id": "2cb2e0fb30bbe443",
            "type": "leaf",
            "state": {
              "type": "markdown",
              "state": {
                "file": "WebDesignTutorial/19 十四、span/3 指定超链接的样式(20min).md",
                "mode": "source",
                "source": false
              }
            }
          }
        ]
      }
    ],
    "direction": "vertical"
  },
  "left": {
    "id": "ddb575a17030273d",
    "type": "split",
    "children": [
      {
        "id": "24ee45e707f5d3de",
        "type": "tabs",
        "children": [
          {
            "id": "44466d04275b02f5",
            "type": "leaf",
            "state": {
              "type": "file-explorer",
              "state": {
                "sortOrder": "alphabetical"
              }
            }
          },
          {
            "id": "10594a77144814a9",
            "type": "leaf",
            "state": {
              "type": "search",
              "state": {
                "query": "",
                "matchingCase": false,
                "explainSearch": false,
                "collapseAll": false,
                "extraContext": false,
                "sortOrder": "alphabetical"
              }
            }
          },
          {
            "id": "5046bba0a301667f",
            "type": "leaf",
            "state": {
              "type": "starred",
              "state": {}
            }
          }
        ]
      }
    ],
    "direction": "horizontal",
    "width": 300
  },
  "right": {
    "id": "04f39d5b129ee88d",
    "type": "split",
    "children": [
      {
        "id": "324c4127ca9544cc",
        "type": "tabs",
        "children": [
          {
            "id": "795829199ee8083c",
            "type": "leaf",
            "state": {
              "type": "backlink",
              "state": {
                "file": "WebDesignTutorial/19 十四、span/3 指定超链接的样式(20min).md",
                "collapseAll": false,
                "extraContext": false,
                "sortOrder": "alphabetical",
                "showSearch": false,
                "searchQuery": "",
                "backlinkCollapsed": false,
                "unlinkedCollapsed": true
              }
            }
          },
          {
            "id": "227b85b78827db3d",
            "type": "leaf",
            "state": {
              "type": "outgoing-link",
              "state": {
                "file": "WebDesignTutorial/19 十四、span/3 指定超链接的样式(20min).md",
                "linksCollapsed": false,
                "unlinkedCollapsed": true
              }
            }
          },
          {
            "id": "2d2c44f569e0063f",
            "type": "leaf",
            "state": {
              "type": "tag",
              "state": {
                "sortOrder": "frequency",
                "useHierarchy": true
              }
            }
          },
          {
            "id": "6c249a622322d5c5",
            "type": "leaf",
            "state": {
              "type": "outline",
              "state": {
                "file": "WebDesignTutorial/19 十四、span/3 指定超链接的样式(20min).md"
              }
            }
          }
        ]
      }
    ],
    "direction": "horizontal",
    "width": 300,
    "collapsed": true
  },
  "left-ribbon": {
    "hiddenItems": {
      "switcher:打开快速切换": false,
      "graph:查看关系图谱": false,
      "canvas:Create new canvas": false,
      "daily-notes:打开/创建今天的日记": false,
      "templates:插入模板": false,
      "command-palette:打开命令面板": false
    }
  },
  "active": "2cb2e0fb30bbe443",
  "lastOpenFiles": [
    "WebDesignTutorial/19 十四、span/2 为音乐推荐部分增加样式(20min).md",
    "WebDesignTutorial/19 十四、span/1 识记快捷方式(20min).md",
    "WebDesignTutorial/19 十四、span/0 课程引入(10min).md"
  ]
}